{"train": [6.964615518396551, 5.525113062425093, 5.35869667746804, 5.27247311852195, 5.26369892467152], "val": [5.4713827479969375, 5.269094900651411, 5.089733947407115, 5.000888390974565, 4.960420218381015]}